City_ID,City,Lat,Lng,Max Temp,Humidity,Cloudiness,Wind Speed,Country,Date
0,Torbay,47.6666,-52.7314,33.39,82,100,11.01,CA,2022-02-14 01:43:30
1,Adre,13.4667,22.2,66.9,14,100,15.59,TD,2022-02-14 01:43:30
2,Panguna,-6.3164,155.4848,80.02,69,100,3.65,PG,2022-02-14 01:43:31
3,Thompson,55.7435,-97.8558,-18.24,76,0,2.3,CA,2022-02-14 01:43:31
4,Cape Town,-33.9258,18.4232,69.12,79,20,23.02,ZA,2022-02-14 01:40:20
5,Yellowknife,62.456,-114.3525,-17.45,86,40,4.61,CA,2022-02-14 01:42:59
6,Polunochnoye,60.8697,60.4153,-5.85,100,96,2.21,RU,2022-02-14 01:43:33
7,Russell,32.3502,-85.1999,44.2,50,0,0.0,US,2022-02-14 01:43:34
8,Bambous Virieux,-20.3428,57.7575,80.22,94,75,9.22,MU,2022-02-14 01:38:49
9,Anloga,5.7947,0.8973,82.62,81,100,13.11,GH,2022-02-14 01:43:35
10,New Norfolk,-42.7826,147.0587,66.88,60,96,1.99,AU,2022-02-14 01:43:35
11,Airai,-8.9266,125.4092,72.54,59,23,2.44,TL,2022-02-14 01:43:36
12,Qaanaaq,77.484,-69.3632,-8.28,70,76,6.76,GL,2022-02-14 01:43:37
13,Busselton,-33.65,115.3333,79.05,46,0,9.48,AU,2022-02-14 01:43:37
14,Barrow,71.2906,-156.7887,-27.38,68,0,9.22,US,2022-02-14 01:43:38
15,Borazjan,29.2666,51.2159,54.73,51,0,2.24,IR,2022-02-14 01:43:38
16,Chicama,-7.8447,-79.1469,68.54,69,61,4.61,PE,2022-02-14 01:34:25
17,Kikwit,-5.041,18.8162,69.24,96,94,0.72,CD,2022-02-14 01:43:39
18,Avera,33.194,-82.5271,47.71,34,0,15.39,US,2022-02-14 01:36:00
19,Mahebourg,-20.4081,57.7,80.26,94,75,9.22,MU,2022-02-14 01:43:40
20,Port Alfred,-33.5906,26.891,68.83,90,58,15.21,ZA,2022-02-14 01:40:59
21,Knysna,-34.0363,23.0471,68.38,93,100,8.3,ZA,2022-02-14 01:43:40
22,Albany,42.6001,-73.9662,22.17,57,29,5.01,US,2022-02-14 01:43:41
23,Castro,-24.7911,-50.0119,65.43,89,97,2.48,BR,2022-02-14 01:43:42
24,Beyneu,45.3167,55.2,27.09,83,6,14.63,KZ,2022-02-14 01:43:42
25,Saint George,37.1041,-113.5841,64.99,16,0,0.0,US,2022-02-14 01:40:42
26,Bluff,-46.6,168.3333,66.79,63,100,1.57,NZ,2022-02-14 01:43:43
27,Victoria,22.2855,114.1577,64.26,78,48,5.99,HK,2022-02-14 01:40:03
28,Puerto Ayora,-0.7393,-90.3518,75.54,93,95,3.47,EC,2022-02-14 01:43:45
29,Ushuaia,-54.8,-68.3,38.86,75,40,34.52,AR,2022-02-14 01:39:54
30,Punta Arenas,-53.15,-70.9167,44.71,49,20,13.8,CL,2022-02-14 01:43:46
31,Hobart,-42.8794,147.3294,67.23,73,75,12.66,AU,2022-02-14 01:42:03
32,Anadyr,64.75,177.4833,-32.01,73,0,8.95,RU,2022-02-14 01:43:47
33,Sabzevar,36.2126,57.6819,37.44,73,0,6.13,IR,2022-02-14 01:43:47
34,Panaba,21.2833,-88.2667,69.6,77,11,15.88,MX,2022-02-14 01:43:48
35,Mar Del Plata,-38.0023,-57.5575,63.88,79,0,0.0,AR,2022-02-14 01:43:48
36,Morro Bay,35.3658,-120.8499,66.78,66,0,1.01,US,2022-02-14 01:42:02
37,Kavieng,-2.5744,150.7967,84.43,70,84,6.33,PG,2022-02-14 01:43:49
38,Chokurdakh,70.6333,147.9167,-14.03,97,83,8.32,RU,2022-02-14 01:39:12
39,Serebryansk,49.6925,83.2892,20.75,96,100,5.01,KZ,2022-02-14 01:43:50
40,Lubango,-14.9172,13.4925,57.4,76,77,3.04,AO,2022-02-14 01:43:51
41,Tuktoyaktuk,69.4541,-133.0374,-29.2,68,75,9.22,CA,2022-02-14 01:43:52
42,Port Hedland,-20.3167,118.5667,95.05,43,21,19.57,AU,2022-02-14 01:43:52
43,Sanmenxia,34.7747,111.1814,42.73,61,90,3.94,CN,2022-02-14 01:43:53
44,Nikolskoye,59.7035,30.7861,36.88,91,100,11.54,RU,2022-02-14 01:43:53
45,Jamestown,42.097,-79.2353,14.52,61,40,5.75,US,2022-02-14 01:43:54
46,Tautira,-17.7333,-149.15,87.82,77,75,17.47,PF,2022-02-14 01:42:08
47,San Jeronimo,-11.9472,-75.2829,50.18,87,100,2.44,PE,2022-02-14 01:44:54
48,Macas,-2.3167,-78.1167,68.13,97,100,1.88,EC,2022-02-14 01:44:13
49,Rikitea,-23.1203,-134.9692,79.0,70,3,14.58,PF,2022-02-14 01:41:47
50,Saint-Philippe,-21.3585,55.7679,78.39,87,38,11.43,RE,2022-02-14 01:44:56
51,Beringovskiy,63.05,179.3167,-20.47,95,28,9.19,RU,2022-02-14 01:44:56
52,Sitka,57.0531,-135.33,42.69,81,100,8.05,US,2022-02-14 01:41:11
53,Ulladulla,-35.35,150.4667,84.87,40,84,11.88,AU,2022-02-14 01:44:58
54,Hambantota,6.1241,81.1185,77.34,94,40,9.22,LK,2022-02-14 01:38:39
55,Kapaa,22.0752,-159.319,78.78,70,75,17.27,US,2022-02-14 01:44:59
56,Cabedelo,-6.9811,-34.8339,81.27,77,1,10.07,BR,2022-02-14 01:45:00
57,Atuona,-9.8,-139.0333,77.61,79,17,13.56,PF,2022-02-14 01:45:00
58,Vaini,-21.2,-175.2,86.16,74,40,9.22,TO,2022-02-14 01:45:01
59,Kutum,14.2,24.6667,58.08,20,7,8.34,SD,2022-02-14 01:45:01
60,Oparino,59.8518,48.2783,2.8,100,100,4.92,RU,2022-02-14 01:45:02
61,Avarua,-21.2078,-159.775,75.25,94,40,6.91,CK,2022-02-14 01:45:02
62,Mnichovo Hradiste,50.5272,14.9713,35.94,69,3,10.51,CZ,2022-02-14 01:45:03
63,Mataura,-46.1927,168.8643,66.47,35,100,2.75,NZ,2022-02-14 01:45:03
64,East London,-33.0153,27.9116,71.31,81,20,9.95,ZA,2022-02-14 01:40:46
65,Leningradskiy,69.3833,178.4167,-16.44,90,77,5.48,RU,2022-02-14 01:45:04
66,Iqaluit,63.7506,-68.5145,-15.07,70,100,4.61,CA,2022-02-14 01:45:05
67,Novyy Oskol,50.7631,37.8691,10.45,94,41,5.03,RU,2022-02-14 01:45:05
68,Nizhniy Baskunchak,48.2198,46.8311,24.82,84,6,10.6,RU,2022-02-14 01:45:06
69,San Carlos De Bariloche,-41.1456,-71.3082,69.55,37,0,17.27,AR,2022-02-14 01:45:06
70,Kumano,34.3442,132.5894,46.89,60,45,10.54,JP,2022-02-14 01:45:07
71,Jijiga,9.35,42.8,58.46,55,78,8.88,ET,2022-02-14 01:45:07
72,Kruisfontein,-34.0033,24.7314,65.88,92,100,11.9,ZA,2022-02-14 01:45:08
73,Atocha,-20.9333,-66.2333,52.54,65,54,7.45,BO,2022-02-14 01:45:08
74,Grindavik,63.8424,-22.4338,30.15,80,75,12.66,IS,2022-02-14 01:45:09
75,Nortelandia,-14.4547,-56.8028,72.52,97,100,2.48,BR,2022-02-14 01:45:10
76,Upernavik,72.7868,-56.1549,-3.35,96,100,4.47,GL,2022-02-14 01:45:10
77,Bobo Dioulasso,11.1771,-4.2979,75.65,16,0,6.91,BF,2022-02-14 01:45:11
78,Turukhansk,65.8167,87.9833,-7.33,88,36,12.08,RU,2022-02-14 01:45:11
79,Talnakh,69.4865,88.3972,-8.05,70,10,8.79,RU,2022-02-14 01:41:31
80,Marau,-28.4492,-52.2,60.62,90,0,2.06,BR,2022-02-14 01:45:13
81,Tessalit,20.1986,1.0114,60.03,23,60,10.8,ML,2022-02-14 01:45:14
82,Launceston,-41.45,147.1667,79.61,57,100,3.44,AU,2022-02-14 01:45:15
83,Praia Da Vitoria,38.7333,-27.0667,57.45,82,40,4.76,PT,2022-02-14 01:45:15
84,Honningsvag,70.9821,25.9704,21.94,87,100,11.59,NO,2022-02-14 01:45:15
85,Laguna,38.421,-121.4238,73.9,43,0,5.75,US,2022-02-14 01:45:16
86,Collie,-33.3667,116.15,83.08,38,0,8.59,AU,2022-02-14 01:45:17
87,Tiksi,71.6872,128.8694,-12.42,91,19,10.47,RU,2022-02-14 01:45:17
88,Ranghulu,46.65,124.8667,-0.22,93,100,7.47,CN,2022-02-14 01:45:18
89,Coihaique,-45.5752,-72.0662,63.21,55,82,3.44,CL,2022-02-14 01:46:18
90,Terme,41.2092,36.9739,40.93,78,100,2.57,TR,2022-02-14 01:46:19
91,Hun,29.1268,15.9477,49.86,48,0,8.97,LY,2022-02-14 01:46:20
92,Pevek,69.7008,170.3133,-15.95,97,100,8.41,RU,2022-02-14 01:46:20
93,The Valley,18.217,-63.0578,77.09,67,3,20.33,AI,2022-02-14 01:42:11
94,Wau,7.7029,27.9953,72.7,17,73,4.34,SS,2022-02-14 01:46:21
95,Kununurra,-15.7667,128.7333,75.18,94,40,3.44,AU,2022-02-14 01:46:22
96,Jaciara,-15.9653,-54.9683,71.92,93,100,2.13,BR,2022-02-14 01:46:22
97,Hamilton,39.1834,-84.5333,21.97,78,100,12.66,US,2022-02-14 01:46:23
98,Amahai,-3.3333,128.9167,80.47,77,100,0.63,ID,2022-02-14 01:46:23
99,Pokaran,26.9167,71.9167,60.67,25,0,2.24,IN,2022-02-14 01:46:24
100,Okhotsk,59.3833,143.3,-4.59,75,0,14.23,RU,2022-02-14 01:46:24
101,Georgetown,5.4112,100.3354,82.33,85,20,5.01,MY,2022-02-14 01:42:49
102,Henties Bay,-22.116,14.2845,72.86,87,68,5.91,NA,2022-02-14 01:46:25
103,Pemberton,50.3164,-122.8027,44.29,92,100,2.46,CA,2022-02-14 01:46:26
104,Katsuura,35.1333,140.3,46.11,68,99,23.6,JP,2022-02-14 01:46:27
105,Galveston,29.3669,-94.9669,54.18,62,0,4.61,US,2022-02-14 01:46:27
106,High Level,58.5169,-117.136,3.31,72,75,5.75,CA,2022-02-14 01:45:04
107,Marienburg,54.0359,19.0266,38.86,77,98,14.25,PL,2022-02-14 01:46:28
108,Bohicon,7.1783,2.0667,76.08,84,2,3.4,BJ,2022-02-14 01:46:29
109,Mahibadhoo,3.7833,72.9667,81.14,75,82,7.72,MV,2022-02-14 01:46:29
110,Fairbanks,64.8378,-147.7164,10.31,80,100,5.75,US,2022-02-14 01:41:45
111,Fremont,37.5483,-121.9886,71.58,56,0,5.75,US,2022-02-14 01:42:36
112,Dunedin,-45.8742,170.5036,61.81,60,72,11.01,NZ,2022-02-14 01:46:30
113,Dikson,73.5069,80.5464,-5.42,88,100,23.17,RU,2022-02-14 01:46:31
114,Fare,-16.7,-151.0167,81.46,73,100,14.58,PF,2022-02-14 01:46:31
115,Sassandra,4.95,-6.0833,76.66,89,100,4.97,CI,2022-02-14 01:46:32
116,Sambava,-14.2667,50.1667,73.69,91,26,4.68,MG,2022-02-14 01:46:33
117,Mangai,-4.05,19.5333,67.42,96,100,1.16,CD,2022-02-14 01:46:34
118,Denpasar,-8.65,115.2167,83.86,79,20,3.44,ID,2022-02-14 01:44:47
119,Faanui,-16.4833,-151.75,80.38,75,100,13.85,PF,2022-02-14 01:46:35
120,Kahului,20.8947,-156.47,80.62,63,20,14.97,US,2022-02-14 01:33:13
121,Vila Velha,-20.3297,-40.2925,75.15,97,40,4.0,BR,2022-02-14 01:46:35
122,Omsukchan,62.5333,155.8,-15.56,95,52,5.1,RU,2022-02-14 01:46:36
123,Catuday,16.2923,119.8062,79.48,74,23,7.9,PH,2022-02-14 01:46:37
124,Cairns,-16.9167,145.7667,88.11,68,40,20.71,AU,2022-02-14 01:46:37
125,Wasilla,61.5814,-149.4394,33.03,92,100,0.0,US,2022-02-14 01:46:38
126,Bilma,18.6853,12.9164,63.19,15,0,6.78,NE,2022-02-14 01:46:38
127,Orotukan,62.2667,151.7,-19.3,90,73,2.39,RU,2022-02-14 01:46:39
128,Arman,59.7,150.1667,4.57,70,94,8.88,RU,2022-02-14 01:46:39
129,Akdepe,42.0551,59.3788,32.09,74,6,13.0,TM,2022-02-14 01:46:40
130,Yanam,16.7333,82.2167,70.2,74,5,4.0,IN,2022-02-14 01:46:41
131,Puerto Carreno,6.189,-67.4859,83.55,42,70,9.53,CO,2022-02-14 01:46:41
132,Buritis,-15.6178,-46.4233,69.39,93,25,0.83,BR,2022-02-14 01:46:42
133,Ribeira Grande,38.5167,-28.7,58.08,69,100,3.51,PT,2022-02-14 01:46:43
134,Lata,40.1629,-8.3327,53.82,94,33,3.0,PT,2022-02-14 01:41:58
135,La Orilla,17.9833,-102.2333,76.35,70,85,0.58,MX,2022-02-14 01:46:44
136,Hot Springs,34.5037,-93.0552,47.91,27,0,4.61,US,2022-02-14 01:46:44
137,Provideniya,64.3833,-173.3,-2.09,65,0,6.71,RU,2022-02-14 01:47:45
138,Taoudenni,22.6783,-3.9836,59.5,27,0,11.68,ML,2022-02-14 01:47:45
139,Esperance,-33.8667,121.9,71.44,59,65,11.14,AU,2022-02-14 01:47:46
140,Vila Franca Do Campo,37.7167,-25.4333,58.19,70,100,4.09,PT,2022-02-14 01:47:46
141,Scarborough,54.2797,-0.4044,45.09,88,100,4.0,GB,2022-02-14 01:43:19
142,Bengkulu,-3.8004,102.2655,81.36,71,99,2.77,ID,2022-02-14 01:47:47
143,San Felipe,10.3399,-68.7425,69.8,94,48,4.83,VE,2022-02-14 01:47:48
144,Tuatapere,-46.1333,167.6833,66.81,51,100,5.68,NZ,2022-02-14 01:47:49
145,Arraial Do Cabo,-22.9661,-42.0278,75.43,92,16,15.43,BR,2022-02-14 01:44:52
146,Te Anau,-45.4167,167.7167,68.36,45,100,1.74,NZ,2022-02-14 01:47:49
147,Zhuhai,22.2769,113.5678,64.9,82,20,19.57,CN,2022-02-14 01:47:50
148,Cayenne,4.9333,-52.3333,80.1,85,75,3.0,GF,2022-02-14 01:47:51
149,Carnarvon,-24.8667,113.6333,84.27,74,5,6.91,AU,2022-02-14 01:47:52
150,Isangel,-19.55,169.2667,87.91,70,57,6.91,VU,2022-02-14 01:47:52
151,Along,28.1667,94.7667,52.65,45,0,1.68,IN,2022-02-14 01:47:53
152,Butaritari,3.0707,172.7902,81.12,77,32,12.28,KI,2022-02-14 01:47:53
153,Bandarbeyla,9.4942,50.8122,73.44,74,100,12.55,SO,2022-02-14 01:47:54
154,Khatanga,71.9667,102.5,-27.56,100,52,2.33,RU,2022-02-14 01:47:55
155,Valparaiso,-33.0393,-71.6273,66.47,77,75,5.75,CL,2022-02-14 01:47:55
156,Severnoye,56.3491,78.3619,7.38,96,100,7.99,RU,2022-02-14 01:47:56
157,Kavaratti,10.5669,72.642,80.6,71,0,7.05,IN,2022-02-14 01:43:16
158,Wete,-5.0559,39.7294,76.44,83,35,6.13,TZ,2022-02-14 01:47:57
159,Ponta Delgada,37.7333,-25.6667,58.5,62,75,4.61,PT,2022-02-14 01:47:58
160,Pundaguitan,6.3711,126.1689,80.67,76,99,12.3,PH,2022-02-14 01:47:58
161,Bosaso,11.2842,49.1816,71.46,77,53,2.35,SO,2022-02-14 01:47:59
162,Tasiilaq,65.6145,-37.6368,21.36,91,100,20.71,GL,2022-02-14 01:47:59
163,Paka,4.6374,103.4368,75.13,100,40,2.3,MY,2022-02-14 01:48:00
164,Wanning,18.8003,110.3967,68.36,89,100,10.56,CN,2022-02-14 01:48:00
165,Pokhara,28.2333,83.9833,53.29,49,0,2.39,NP,2022-02-14 01:43:40
166,Longyearbyen,78.2186,15.6401,15.64,92,75,0.0,SJ,2022-02-14 01:48:01
167,Ottumwa,41.02,-92.4113,17.01,65,75,3.44,US,2022-02-14 01:48:02
168,Coquimbo,-29.9533,-71.3436,65.93,72,0,6.91,CL,2022-02-14 01:46:19
169,Guanica,17.9716,-66.908,77.18,78,2,1.99,PR,2022-02-14 01:48:03
170,Luderitz,-26.6481,15.1594,71.06,67,1,9.8,NA,2022-02-14 01:48:03
171,Manzhouli,49.6,117.4333,-10.46,92,73,3.74,CN,2022-02-14 01:48:04
172,Arkhipo-Osipovka,44.37,38.52,35.33,68,100,15.66,RU,2022-02-14 01:48:04
173,Severo-Kurilsk,50.6789,156.125,26.58,67,58,15.75,RU,2022-02-14 01:48:05
174,Chuy,-33.6971,-53.4616,58.44,67,5,7.31,UY,2022-02-14 01:48:06
175,Bredasdorp,-34.5322,20.0403,65.52,72,99,9.22,ZA,2022-02-14 01:48:06
176,Senador Jose Porfirio,-2.5908,-51.9542,74.05,88,100,2.68,BR,2022-02-14 01:48:07
177,Port Elizabeth,-33.918,25.5701,66.49,94,100,10.36,ZA,2022-02-14 01:48:07
178,Pringsewu,-5.3582,104.9744,75.25,93,100,2.21,ID,2022-02-14 01:48:08
179,Port-Gentil,-0.7193,8.7815,80.65,78,100,9.42,GA,2022-02-14 01:48:08
180,Hibbing,47.4272,-92.9377,2.8,53,100,3.44,US,2022-02-14 01:48:09
181,Kodiak,57.79,-152.4072,40.51,60,0,8.05,US,2022-02-14 01:48:09
182,Orlik,52.5178,99.825,-19.75,96,73,2.37,RU,2022-02-14 01:48:10
183,Viseu,40.661,-7.9097,47.53,96,24,2.86,PT,2022-02-14 01:48:11
184,Yar-Sale,66.8333,70.8333,-19.86,99,100,7.25,RU,2022-02-14 01:48:11
185,Sofiyivka,48.0493,33.8746,29.75,56,0,3.53,UA,2022-02-14 01:49:12
186,Rantepao,-2.9701,119.8978,71.83,90,99,0.67,ID,2022-02-14 01:49:12
187,Mpika,-11.8343,31.4529,61.36,99,100,3.15,ZM,2022-02-14 01:49:13
188,Hermanus,-34.4187,19.2345,67.89,79,80,17.87,ZA,2022-02-14 01:49:13
189,Ilebo,-4.3167,20.5833,69.37,97,99,1.39,CD,2022-02-14 01:49:14
190,Hithadhoo,-0.6,73.0833,82.09,74,52,12.8,MV,2022-02-14 01:49:14
191,Pisco,-13.7,-76.2167,69.85,73,0,16.11,PE,2022-02-14 01:49:15
192,Lorengau,-2.0226,147.2712,83.98,73,92,2.86,PG,2022-02-14 01:49:16
193,Mandalgovi,45.7625,106.2708,-4.74,89,62,10.11,MN,2022-02-14 01:46:41
194,Serabu,7.7958,-12.0536,73.98,96,7,2.33,SL,2022-02-14 01:49:17
195,Fortuna,40.5982,-124.1573,62.47,95,100,0.0,US,2022-02-14 01:49:17
196,Vanino,49.0869,140.2543,17.92,74,70,5.77,RU,2022-02-14 01:49:18
197,North Platte,41.1239,-100.7654,49.24,32,0,4.61,US,2022-02-14 01:45:58
198,Husavik,66.0449,-17.3389,8.51,77,95,16.96,IS,2022-02-14 01:49:19
199,Ust-Kuyga,70.0167,135.6,-19.35,97,96,6.38,RU,2022-02-14 01:49:19
200,Altay,47.8667,88.1167,10.74,77,100,3.62,CN,2022-02-14 01:49:20
201,Zaranj,30.9667,61.8833,47.32,55,0,18.57,AF,2022-02-14 01:49:21
202,Nsanje,-16.92,35.262,72.48,98,84,2.04,MW,2022-02-14 01:49:21
203,Saint-Augustin,51.226,-58.6502,-23.12,93,43,6.2,CA,2022-02-14 01:49:22
204,San Quintin,30.4833,-115.95,66.81,39,0,8.43,MX,2022-02-14 01:49:22
205,Byron Bay,-28.65,153.6167,78.76,83,53,12.64,AU,2022-02-14 01:49:23
206,Port Blair,11.6667,92.75,71.64,88,20,2.3,IN,2022-02-14 01:49:23
207,Moose Factory,51.2585,-80.6094,-14.82,76,0,2.3,CA,2022-02-14 01:49:24
208,Paamiut,61.994,-49.6678,10.36,90,100,17.74,GL,2022-02-14 01:49:24
209,Roald,62.5833,6.1333,37.33,87,100,28.77,NO,2022-02-14 01:49:25
210,Zhigansk,66.7697,123.3711,-32.57,98,56,1.77,RU,2022-02-14 01:49:26
211,Nosy Varika,-20.5833,48.5333,73.45,93,50,4.09,MG,2022-02-14 01:49:27
212,Freeport,40.6576,-73.5832,30.25,76,100,10.36,US,2022-02-14 01:45:03
213,Killybegs,54.6333,-8.45,43.45,84,99,17.22,IE,2022-02-14 01:49:28
214,San Patricio,28.017,-97.5169,55.49,39,92,8.39,US,2022-02-14 01:49:28
215,Haines Junction,60.7522,-137.5108,21.15,73,79,0.0,CA,2022-02-14 01:49:28
216,Kamenka,51.3223,42.7678,5.52,97,82,6.17,RU,2022-02-14 01:44:54
217,Lebu,-37.6167,-73.65,57.61,91,98,5.28,CL,2022-02-14 01:49:29
218,Vardo,70.3705,31.1107,23.59,87,100,17.11,NO,2022-02-14 01:49:30
219,Bethel,41.3712,-73.414,27.48,65,100,6.91,US,2022-02-14 01:49:31
220,Tiznit,29.5833,-9.5,52.41,50,0,3.51,MA,2022-02-14 01:49:31
221,Mao,39.8885,4.2658,54.16,82,75,12.66,ES,2022-02-14 01:49:32
222,Namatanai,-3.6667,152.4333,85.1,69,84,6.29,PG,2022-02-14 01:49:33
223,Korla,41.7597,86.1469,27.27,52,9,3.89,CN,2022-02-14 01:49:33
224,Kipini,-2.5257,40.5262,77.29,88,100,6.89,KE,2022-02-14 01:49:34
225,Manakara,-22.1333,48.0167,72.55,93,25,2.59,MG,2022-02-14 01:49:34
226,Oranjemund,-28.55,16.4333,64.02,92,7,9.06,NA,2022-02-14 01:49:35
227,Ebebiyin,2.1511,11.3353,66.85,99,100,2.62,GQ,2022-02-14 01:49:35
228,Sawtell,-30.3833,153.1,75.22,69,100,10.36,AU,2022-02-14 01:49:37
229,Hingoli,19.7167,77.15,64.44,33,6,5.97,IN,2022-02-14 01:49:38
230,Araouane,18.9048,-3.5265,58.91,23,25,11.01,ML,2022-02-14 01:49:38
231,Zeya,53.75,127.2667,8.85,70,100,3.87,RU,2022-02-14 01:49:39
232,Narsaq,60.9167,-46.05,17.01,96,100,7.07,GL,2022-02-14 01:50:39
233,Lasa,46.6166,10.7002,29.66,69,3,1.7,IT,2022-02-14 01:50:40
234,Tunceli,39.1083,39.5471,28.6,71,100,4.99,TR,2022-02-14 01:50:41
235,Rio Grande,-32.035,-52.0986,64.51,56,0,13.29,BR,2022-02-14 01:50:42
236,Antalaha,-14.9003,50.2788,72.52,91,69,5.06,MG,2022-02-14 01:50:42
237,Tecoanapa,16.5167,-98.75,79.66,69,89,4.23,MX,2022-02-14 01:50:43
238,Luan,46.3592,6.9759,29.97,78,8,8.16,CH,2022-02-14 01:50:44
239,Balykshi,47.0667,51.8667,26.6,93,40,11.18,KZ,2022-02-14 01:50:44
240,Ossora,59.2353,163.0719,2.39,77,78,7.83,RU,2022-02-14 01:50:45
241,Mankera,31.3866,71.4407,56.14,50,76,4.45,PK,2022-02-14 01:50:46
242,Bako,5.7833,36.5667,66.72,42,93,3.76,ET,2022-02-14 01:50:47
243,Ilulissat,69.2167,-51.1,-4.52,96,100,5.75,GL,2022-02-14 01:50:47
244,Broome,42.2506,-75.833,16.02,74,0,6.91,US,2022-02-14 01:50:48
245,Lavrentiya,65.5833,-171.0,-18.63,93,13,2.21,RU,2022-02-14 01:50:48
246,Jarinu,-23.1014,-46.7283,71.98,94,0,3.58,BR,2022-02-14 01:50:49
247,Stornoway,58.2093,-6.3865,42.76,89,75,19.57,GB,2022-02-14 01:50:50
248,Usinsk,65.9939,57.5281,3.0,98,89,8.7,RU,2022-02-14 01:46:01
249,Maloma,15.1135,120.0639,82.42,62,84,1.14,PH,2022-02-14 01:50:51
250,Elat,29.5581,34.9482,51.64,62,0,5.75,IL,2022-02-14 01:50:51
251,Artesia,33.8658,-118.0831,83.14,22,0,13.8,US,2022-02-14 01:50:52
252,Cidreira,-30.1811,-50.2056,68.77,88,24,2.75,BR,2022-02-14 01:50:52
253,Livingston,55.9029,-3.5226,40.68,95,100,3.44,GB,2022-02-14 01:46:58
254,Mehamn,71.0357,27.8492,19.76,94,100,7.61,NO,2022-02-14 01:50:53
255,Souillac,-20.5167,57.5167,80.37,94,75,9.22,MU,2022-02-14 01:50:54
256,Talara,-4.5772,-81.2719,73.44,84,99,7.78,PE,2022-02-14 01:50:55
257,Gamba,-2.65,10.0,77.04,86,86,2.93,GA,2022-02-14 01:50:56
258,Kalemie,-5.9475,29.1947,67.3,86,100,6.35,CD,2022-02-14 01:50:56
259,Levin,-40.6333,175.275,68.68,61,99,8.05,NZ,2022-02-14 01:50:57
260,Grafton,42.207,-71.6856,26.15,87,100,0.0,US,2022-02-14 01:50:57
261,Komsomolskiy,40.4272,71.7189,36.32,87,100,2.3,UZ,2022-02-14 01:50:58
262,Langsa,4.4683,97.9683,82.53,68,47,2.42,ID,2022-02-14 01:50:59
263,Hirara,24.8,125.2833,66.47,77,75,24.16,JP,2022-02-14 01:50:59
264,San Jose,37.3394,-121.895,72.09,54,75,5.75,US,2022-02-14 01:50:02
265,Saint-Louis,16.3333,-15.0,69.64,17,97,10.25,SN,2022-02-14 01:51:00
266,Voh,-20.9667,164.7,88.14,61,99,6.62,NC,2022-02-14 01:51:01
267,Ahipara,-35.1667,173.1667,70.84,55,17,11.52,NZ,2022-02-14 01:51:01
268,Margate,51.3813,1.3862,49.71,86,100,11.01,GB,2022-02-14 01:51:02
269,Lake City,30.1897,-82.6393,57.0,40,0,10.36,US,2022-02-14 01:51:03
270,Duluth,46.7833,-92.1066,7.56,75,100,8.05,US,2022-02-14 01:50:00
271,Vila Do Maio,15.1333,-23.2167,72.39,72,74,17.9,CV,2022-02-14 01:51:04
272,Dongsheng,39.8161,109.9776,12.31,48,100,3.09,CN,2022-02-14 01:51:04
273,Namibe,-15.1961,12.1522,73.69,84,100,1.68,AO,2022-02-14 01:51:05
274,Mount Isa,-20.7333,139.5,89.37,45,93,12.66,AU,2022-02-14 01:51:05
275,Norman Wells,65.282,-126.8329,-7.56,71,100,3.44,CA,2022-02-14 01:51:06
276,Nemuro,43.3236,145.575,27.03,87,100,14.25,JP,2022-02-14 01:52:07
277,Tambo,-14.8,-73.9167,37.0,85,98,4.43,PE,2022-02-14 01:52:08
278,Rafai,4.95,23.9167,69.37,35,22,2.19,CF,2022-02-14 01:52:08
279,Ixtapa,20.7,-105.2,75.22,79,95,1.99,MX,2022-02-14 01:52:09
280,Abu Kamal,34.4506,40.9171,52.02,36,0,6.73,SY,2022-02-14 01:52:10
281,Dalvik,65.9702,-18.5286,8.53,71,99,10.4,IS,2022-02-14 01:52:10
282,Saskylakh,71.9167,114.0833,-17.45,93,20,3.02,RU,2022-02-14 01:52:11
283,Constitucion,-35.3333,-72.4167,58.86,90,64,2.93,CL,2022-02-14 01:52:12
284,Santa Isabel,-23.3156,-46.2214,73.36,98,8,2.48,BR,2022-02-14 01:52:12
285,La Plata,-34.9215,-57.9545,74.97,47,0,10.27,AR,2022-02-14 01:50:00
286,Rovaniemi,66.5,25.7167,17.01,92,40,8.05,FI,2022-02-14 01:52:13
287,Kirakira,-10.4544,161.9205,80.04,84,100,4.09,SB,2022-02-14 01:52:13
288,Egvekinot,66.3167,-179.1667,-16.17,90,14,6.46,RU,2022-02-14 01:52:14
289,Wenling,28.3669,121.36,49.91,73,6,11.81,CN,2022-02-14 01:52:15
290,Wamba,8.9333,8.6,73.24,16,90,3.71,NG,2022-02-14 01:48:13
291,Cabo San Lucas,22.8909,-109.9124,72.18,58,79,6.2,MX,2022-02-14 01:52:16
292,Serramanna,39.4244,8.9244,44.65,87,40,1.14,IT,2022-02-14 01:52:17
293,Clyde River,70.4692,-68.5914,-14.57,76,100,25.32,CA,2022-02-14 01:52:17
294,Orchard Homes,46.8633,-114.0484,37.54,62,0,3.0,US,2022-02-14 01:52:18
295,Hualmay,-11.0964,-77.6139,71.38,80,100,9.6,PE,2022-02-14 01:52:19
296,Wajid,3.8093,43.2471,71.8,59,100,18.05,SO,2022-02-14 01:52:19
297,Diego De Almagro,-26.3667,-70.05,65.25,41,75,2.42,CL,2022-02-14 01:52:20
298,Qurbus,36.8167,10.5687,55.74,85,100,12.44,TN,2022-02-14 01:52:20
299,Catole Do Rocha,-6.3439,-37.7467,74.52,84,88,6.29,BR,2022-02-14 01:52:21
300,Dicabisagan,17.0818,122.4157,81.37,73,78,7.27,PH,2022-02-14 01:52:22
301,Acari,-15.4311,-74.6158,73.76,76,38,3.87,PE,2022-02-14 01:52:22
302,Aklavik,68.2191,-135.0107,-24.77,98,100,10.74,CA,2022-02-14 01:52:23
303,Kaitangata,-46.2817,169.8464,60.93,70,99,6.62,NZ,2022-02-14 01:52:23
304,Banda Aceh,5.5577,95.3222,81.09,72,64,7.0,ID,2022-02-14 01:52:24
305,Padang,-0.9492,100.3543,80.65,62,63,0.74,ID,2022-02-14 01:52:25
306,Cootamundra,-34.65,148.0333,86.95,28,100,1.36,AU,2022-02-14 01:52:26
307,Lagoa,39.05,-27.9833,56.64,60,100,5.06,PT,2022-02-14 01:52:26
308,Todos Santos,23.45,-110.2167,71.67,77,22,1.54,MX,2022-02-14 01:52:27
309,Male,4.1748,73.5089,82.35,74,75,12.66,MV,2022-02-14 01:52:27
310,Nemours,48.2751,2.6908,53.94,81,100,21.25,FR,2022-02-14 01:52:28
311,Tilichiki,60.4667,166.1,-11.52,90,32,10.27,RU,2022-02-14 01:52:29
312,Kangalassy,62.3464,129.9628,-32.87,96,79,1.68,RU,2022-02-14 01:52:29
313,Canon City,38.441,-105.2424,50.16,27,0,10.36,US,2022-02-14 01:52:30
314,Suntar,62.1444,117.6319,-10.08,97,100,1.28,RU,2022-02-14 01:52:30
315,Gweru,-19.45,29.8167,58.05,65,0,5.41,ZW,2022-02-14 01:52:31
316,Ahtopol,42.1,27.95,36.21,73,99,8.5,BG,2022-02-14 01:52:32
317,Tyrma,50.0833,132.1667,15.33,88,100,3.49,RU,2022-02-14 01:52:32
318,Gueugnon,46.6036,4.0629,51.75,57,100,12.44,FR,2022-02-14 01:52:33
319,Bubaque,11.2833,-15.8333,77.99,62,0,4.27,GW,2022-02-14 01:52:33
320,Hilo,19.7297,-155.09,78.24,80,42,3.0,US,2022-02-14 01:53:34
321,Daru,-9.0763,143.2092,85.24,62,71,10.29,PG,2022-02-14 01:53:34
322,Concordia,-31.393,-58.0209,61.79,77,0,5.23,AR,2022-02-14 01:53:35
323,Batagay-Alyta,67.8006,130.4114,-9.42,76,77,4.97,RU,2022-02-14 01:53:35
324,Great Falls,47.5002,-111.3008,40.68,60,75,10.36,US,2022-02-14 01:53:36
325,Krasnozerskoye,53.9828,79.2374,-4.81,99,40,8.57,RU,2022-02-14 01:53:36
326,Mount Gambier,-37.8333,140.7667,75.11,50,23,10.36,AU,2022-02-14 01:53:37
327,Northam,51.0333,-4.2167,45.61,88,65,17.05,GB,2022-02-14 01:53:38
328,Leh,34.1667,77.5833,-1.5,86,54,2.8,IN,2022-02-14 01:53:38
329,Devonport,-41.1667,146.35,79.02,58,99,7.78,AU,2022-02-14 01:53:39
330,Kibala,9.1104,18.3463,71.55,37,0,0.0,TD,2022-02-14 01:53:40
331,Cauquenes,-35.9671,-72.3225,56.64,91,18,4.45,CL,2022-02-14 01:53:40
332,Kamaishi,39.2667,141.8833,31.15,40,11,3.58,JP,2022-02-14 01:53:41
333,Samana,19.2056,-69.3369,73.76,88,0,6.26,DO,2022-02-14 01:53:41
334,Rock Sound,24.9,-76.2,76.91,81,87,13.22,BS,2022-02-14 01:53:42
335,Kulu,39.0951,33.0799,31.35,83,100,4.07,TR,2022-02-14 01:53:42
336,Taszar,46.3747,17.9059,30.58,84,1,5.59,HU,2022-02-14 01:53:43
337,Akyab,20.15,92.9,66.25,48,11,5.91,MM,2022-02-14 01:53:44
338,Boa Vista,2.8197,-60.6733,84.18,58,0,13.8,BR,2022-02-14 01:49:20
339,Aasiaat,68.7098,-52.8699,-9.08,91,94,17.45,GL,2022-02-14 01:53:45
340,Balabac,7.9868,117.0645,82.17,75,100,12.57,PH,2022-02-14 01:53:46
341,Langarud,37.197,50.1535,46.38,84,100,6.49,IR,2022-02-14 01:53:46
342,Arlit,18.7369,7.3853,65.75,12,0,5.48,NE,2022-02-14 01:53:47
343,Requena,39.4883,-1.1004,51.51,87,100,17.13,ES,2022-02-14 01:53:47
344,Kyra,49.5776,111.9753,-12.73,91,23,1.54,RU,2022-02-14 01:53:48
345,Klaksvik,62.2266,-6.589,32.92,65,100,28.7,FO,2022-02-14 01:53:49
346,Monywa,22.1167,95.1333,65.68,40,0,9.15,MM,2022-02-14 01:53:49
347,Mastic Beach,40.7668,-72.8521,28.98,88,100,8.05,US,2022-02-14 01:53:50
348,Ballina,-28.8667,153.5667,78.84,76,75,10.36,AU,2022-02-14 01:53:50
349,Dzhebariki-Khaya,62.2167,135.8,-25.64,96,81,1.16,RU,2022-02-14 01:53:51
350,Oltu,40.5498,42.0013,26.83,64,100,4.32,TR,2022-02-14 01:53:52
351,Ponta Do Sol,32.6667,-17.1,61.72,71,88,1.3,PT,2022-02-14 01:53:53
352,Simpang,-1.2667,104.0833,82.18,80,88,0.18,ID,2022-02-14 01:53:53
353,Alto Araguaia,-17.3147,-53.2153,69.31,93,21,4.47,BR,2022-02-14 01:53:54
354,Tumarbong,10.3766,119.4579,82.35,70,100,3.53,PH,2022-02-14 01:53:55
355,San Angelo,31.4638,-100.437,54.9,28,0,4.0,US,2022-02-14 01:53:55
356,Whitehorse,60.7161,-135.0538,25.57,68,100,12.66,CA,2022-02-14 01:53:56
357,Mora,11.0461,14.1401,69.42,19,38,6.17,CM,2022-02-14 01:53:56
358,Sukhobezvodnoye,57.0491,44.8891,19.58,96,100,7.07,RU,2022-02-14 01:53:57
359,Emba,48.8264,58.1442,15.24,95,100,13.18,KZ,2022-02-14 01:53:57
360,Martil,35.6166,-5.2752,58.96,72,98,8.05,MA,2022-02-14 01:53:58
361,Port Lincoln,-34.7333,135.8667,71.87,69,15,11.99,AU,2022-02-14 01:53:58
362,Codajas,-3.8367,-62.0569,73.81,98,100,2.21,BR,2022-02-14 01:53:59
363,Ardesen,41.1911,40.9875,39.16,81,100,5.75,TR,2022-02-14 01:53:59
364,Port Hardy,50.6996,-127.4199,49.75,66,100,2.3,CA,2022-02-14 01:54:00
365,Amapa,1.0,-52.0,72.39,99,100,2.1,BR,2022-02-14 01:54:00
366,Pangnirtung,66.1451,-65.7125,-29.2,75,20,8.05,CA,2022-02-14 01:55:01
367,Broken Hill,-31.95,141.4333,92.91,18,40,11.5,AU,2022-02-14 01:52:21
368,Terenos,-20.4422,-54.8603,80.31,65,20,4.61,BR,2022-02-14 01:55:02
369,Hami,42.8,93.45,25.14,44,12,6.55,CN,2022-02-14 01:55:02
370,Binzhou,37.3667,118.0167,30.0,56,81,10.54,CN,2022-02-14 01:55:03
371,Gezing,47.9178,13.1299,32.36,67,0,11.5,AT,2022-02-14 01:55:03
372,Bekhtery,46.251,32.2927,31.39,68,36,8.21,UA,2022-02-14 01:55:04
373,Joshimath,30.5667,79.5667,38.55,38,0,8.84,IN,2022-02-14 01:55:04
374,Petropavlovsk-Kamchatskiy,53.0452,158.6483,23.59,54,75,17.9,RU,2022-02-14 01:55:05
375,Nawa,27.0167,75.0,54.5,41,0,5.41,IN,2022-02-14 01:55:05
376,Quelimane,-17.8786,36.8883,76.95,88,40,2.3,MZ,2022-02-14 01:55:06
377,Bainbridge,47.6262,-122.5212,55.38,64,100,4.0,US,2022-02-14 01:55:06
378,Cherskiy,68.75,161.3,-21.87,97,95,6.29,RU,2022-02-14 01:55:07
379,Sabratah,32.7933,12.4885,54.72,61,18,7.99,LY,2022-02-14 01:55:08
380,Baudh,20.8416,84.3213,59.41,31,6,1.03,IN,2022-02-14 01:55:08
381,Hauterive,46.0901,3.4459,52.02,66,99,16.31,FR,2022-02-14 01:55:09
382,Saint-Pierre,-21.3393,55.4781,78.48,73,0,3.44,RE,2022-02-14 01:55:09
383,Kuching,1.55,110.3333,80.82,83,20,5.99,MY,2022-02-14 01:52:04
384,Calvinia,-31.4707,19.776,71.83,59,17,6.8,ZA,2022-02-14 01:55:10
385,Naze,28.3667,129.4833,56.32,82,100,19.82,JP,2022-02-14 01:55:10
386,Basudebpur,21.1353,86.7386,63.66,43,10,5.46,IN,2022-02-14 01:55:11
387,Hillsboro,45.5229,-122.9898,57.87,64,94,1.01,US,2022-02-14 01:53:52
388,Zhezkazgan,47.8043,67.7144,31.98,93,100,24.61,KZ,2022-02-14 01:55:12
389,Puerto Baquerizo Moreno,-0.9,-89.6,75.47,85,53,5.19,EC,2022-02-14 01:55:13
390,Hobyo,5.3505,48.5268,76.59,71,67,16.55,SO,2022-02-14 01:55:13
391,Aksu,41.1231,80.2644,27.12,42,98,3.69,CN,2022-02-14 01:55:14
392,Kholodnyy,62.7167,147.95,-23.55,94,72,0.78,RU,2022-02-14 01:55:14
393,Enshi,30.3,109.4833,44.96,76,61,0.85,CN,2022-02-14 01:55:15
394,Matara,5.9485,80.5353,74.39,85,62,5.41,LK,2022-02-14 01:55:15
395,Mabaruma,8.2,-59.7833,70.74,95,98,3.15,GY,2022-02-14 01:55:16
396,Harper,4.375,-7.7169,76.98,87,32,3.74,LR,2022-02-14 01:55:16
397,Samarai,-10.6167,150.6667,83.23,69,69,7.92,PG,2022-02-14 01:55:17
398,Iquique,-20.2208,-70.1431,68.04,74,25,5.97,CL,2022-02-14 01:52:17
399,Plettenberg Bay,-34.0527,23.3716,67.05,92,100,9.28,ZA,2022-02-14 01:55:18
400,Oga,46.4631,10.347,19.69,93,38,4.25,IT,2022-02-14 01:55:18
401,Warri,5.5167,5.75,77.65,88,16,3.15,NG,2022-02-14 01:55:19
402,Vao,-22.6667,167.4833,80.46,80,99,9.13,NC,2022-02-14 01:55:19
403,Chingirlau,51.095,54.0814,13.15,97,100,9.37,KZ,2022-02-14 01:55:20
404,Salalah,17.0151,54.0924,66.96,29,0,17.83,OM,2022-02-14 01:55:21
405,Lufilufi,-13.8745,-171.5986,87.58,76,75,5.91,WS,2022-02-14 01:55:21
406,Van,38.4924,43.3831,22.19,57,100,7.36,TR,2022-02-14 01:55:22
407,Gemlik,40.4309,29.1597,43.65,91,100,3.8,TR,2022-02-14 01:55:22
408,Bhojudih,23.6333,86.45,61.09,39,3,2.64,IN,2022-02-14 01:55:23
409,Sakakah,29.9697,40.2064,44.17,32,0,3.58,SA,2022-02-14 01:55:24
410,Tezu,27.9167,96.1667,62.37,30,0,1.05,IN,2022-02-14 01:55:24
411,Karratha,-20.7377,116.8463,95.85,38,60,9.01,AU,2022-02-14 01:55:25
412,Gat,31.61,34.7642,55.4,100,99,7.43,IL,2022-02-14 01:55:25
413,Codrington,-38.2667,141.9667,71.44,60,25,10.71,AU,2022-02-14 01:55:26
414,Orangeburg,33.4918,-80.8557,49.51,81,7,11.65,US,2022-02-14 01:55:26
415,Sept-Iles,50.2001,-66.3821,-4.95,75,20,2.3,CA,2022-02-14 01:55:27
416,Rincon,32.296,-81.2354,53.56,26,0,14.97,US,2022-02-14 01:52:45
417,Celestun,20.8667,-90.4,70.52,72,96,20.56,MX,2022-02-14 01:56:28
418,Olhao,37.0286,-7.8411,58.89,94,75,5.75,PT,2022-02-14 01:56:28
419,Caravelas,-17.7125,-39.2481,75.09,91,95,4.72,BR,2022-02-14 01:56:29
420,Geraldton,-28.7667,114.6,82.81,65,0,6.91,AU,2022-02-14 01:56:30
421,Olafsvik,64.8945,-23.7142,32.45,72,100,12.53,IS,2022-02-14 01:56:31
422,Guabito,9.5,-82.6167,73.71,92,57,4.47,PA,2022-02-14 01:56:31
423,Wangou,42.0623,126.9127,16.66,89,100,2.73,CN,2022-02-14 01:56:32
424,Guerrero Negro,27.9769,-114.0611,69.04,38,6,9.66,MX,2022-02-14 01:56:32
425,Traipu,-9.9706,-37.0033,79.74,75,85,9.71,BR,2022-02-14 01:56:33
426,Dingle,10.9995,122.6711,83.37,70,100,10.18,PH,2022-02-14 01:56:34
427,Chokwe,-24.5333,32.9833,69.42,95,0,4.97,MZ,2022-02-14 01:56:34
428,Los Llanos De Aridane,28.6585,-17.9182,60.55,80,75,8.05,ES,2022-02-14 01:56:35
429,Yuzhno-Sukhokumsk,44.6581,45.6436,29.88,68,0,1.36,RU,2022-02-14 01:56:35
430,Yaan,7.3833,8.5667,78.73,14,97,3.83,NG,2022-02-14 01:56:36
431,San Cristobal,7.7669,-72.225,73.58,77,100,1.32,VE,2022-02-14 01:56:36
432,Qaqortoq,60.7167,-46.0333,14.36,95,100,11.05,GL,2022-02-14 01:56:37
433,Lompoc,34.6391,-120.4579,73.54,67,0,4.61,US,2022-02-14 01:56:38
434,Sur,22.5667,59.5289,70.18,72,0,14.63,OM,2022-02-14 01:56:38
435,Magelang,-7.4706,110.2178,82.74,83,98,0.65,ID,2022-02-14 01:56:39
436,Pingliang,35.5392,106.6861,26.38,79,13,2.53,CN,2022-02-14 01:56:39
437,Atyrau,47.1167,51.8833,26.62,93,40,11.18,KZ,2022-02-14 01:56:40
438,Berlevag,70.8578,29.0864,20.75,90,100,7.29,NO,2022-02-14 01:56:41
439,Luangwa,-15.6167,30.4167,69.39,94,97,1.63,ZM,2022-02-14 01:56:41
440,Comodoro Rivadavia,-45.8667,-67.5,62.46,55,0,12.66,AR,2022-02-14 01:54:58
441,Saint Anthony,45.0205,-93.218,8.15,79,100,10.36,US,2022-02-14 01:56:43
442,Mocajuba,-2.5842,-49.5072,73.2,96,98,2.26,BR,2022-02-14 01:56:44
443,Galeana,24.8333,-100.0667,51.31,65,100,3.2,MX,2022-02-14 01:56:44
444,Metro,-5.1131,105.3067,76.48,90,100,1.23,ID,2022-02-14 01:56:45
445,Gbarnga,6.9956,-9.4722,69.42,99,18,0.63,LR,2022-02-14 01:56:45
446,Sao Miguel Do Araguaia,-13.275,-50.1628,71.08,94,57,3.47,BR,2022-02-14 01:56:46
447,Touros,-5.1989,-35.4608,81.5,75,5,13.02,BR,2022-02-14 01:56:46
448,Jamsa,61.8642,25.19,35.15,98,100,10.45,FI,2022-02-14 01:56:47
449,Manaure,11.7751,-72.4445,77.77,79,1,19.08,CO,2022-02-14 01:56:48
450,Takoradi,4.8845,-1.7554,78.44,86,100,7.38,GH,2022-02-14 01:56:48
451,Sao Gabriel Da Cachoeira,-0.1303,-67.0892,72.99,98,100,1.21,BR,2022-02-14 01:56:49
452,Richards Bay,-28.783,32.0377,76.5,89,100,8.95,ZA,2022-02-14 01:56:50
453,Qandala,11.472,49.8728,72.28,68,74,3.38,SO,2022-02-14 01:56:50
454,Zabol,32.25,67.25,39.38,53,93,4.79,AF,2022-02-14 01:56:51
455,Gwadar,25.1216,62.3254,69.53,71,36,4.25,PK,2022-02-14 01:56:52
456,Porto Empedocle,37.2934,13.5264,49.89,85,100,6.35,IT,2022-02-14 01:56:52
457,Bad Kissingen,50.2,10.0833,38.59,82,16,2.62,DE,2022-02-14 01:56:53
458,Wanaka,-44.7,169.15,70.11,44,96,3.0,NZ,2022-02-14 01:56:53
459,Belmonte,-15.8631,-38.8828,77.5,88,91,6.29,BR,2022-02-14 01:56:54
460,Kralendijk,12.15,-68.2667,78.87,79,8,20.85,BQ,2022-02-14 01:57:54
461,Lungi,9.2212,-12.6831,73.0,90,10,4.0,SL,2022-02-14 01:57:55
462,Longhua,23.6137,114.1919,56.77,72,3,4.9,CN,2022-02-14 01:57:56
463,Ojinaga,29.5667,-104.4167,58.15,19,0,3.44,MX,2022-02-14 01:57:56
464,Koutsouras,35.0339,25.9469,54.1,70,25,12.1,GR,2022-02-14 01:57:57
465,Neuquen,-38.9516,-68.0591,75.09,50,0,0.0,AR,2022-02-14 01:57:57
466,Severnyy,50.677,36.5532,21.24,86,0,8.95,RU,2022-02-14 01:57:58
467,Great Yarmouth,52.6083,1.7305,49.44,91,100,24.87,GB,2022-02-14 01:57:58
468,Vestmannaeyjar,63.4427,-20.2734,34.72,75,100,31.29,IS,2022-02-14 01:57:59
469,Santa Lucia,27.9117,-15.5407,54.77,72,20,12.66,ES,2022-02-14 01:58:00
470,Rognan,67.0953,15.3878,33.06,90,100,7.05,NO,2022-02-14 01:58:00
471,Oktyabrskiy,54.4815,53.471,1.45,100,100,2.71,RU,2022-02-14 01:58:01
472,Barra Dos Coqueiros,-10.9089,-37.0386,82.42,78,40,10.36,BR,2022-02-14 01:58:01
473,Kirkuk,35.4681,44.3922,49.05,46,0,6.35,IQ,2022-02-14 01:58:02
474,Chandur Bazar,21.2417,77.7456,62.56,37,5,5.5,IN,2022-02-14 01:58:02
475,Nuuk,64.1835,-51.7216,4.42,95,100,3.87,GL,2022-02-14 01:58:03
476,Panguipulli,-39.6333,-72.3333,55.11,72,100,0.47,CL,2022-02-14 01:58:03
477,Chapais,49.7834,-74.8492,-22.22,100,91,1.34,CA,2022-02-14 01:58:04
478,Shingu,33.7333,135.9833,47.39,72,100,4.92,JP,2022-02-14 01:58:04
479,Sola,-13.8833,167.55,82.76,76,95,18.14,VU,2022-02-14 01:58:05
480,Hofn,64.2539,-15.2082,22.73,67,31,9.91,IS,2022-02-14 01:58:05
481,Seymchan,62.8833,152.4333,-29.79,95,77,1.7,RU,2022-02-14 01:58:06
482,Nishihara,26.1842,127.7558,64.06,88,75,18.41,JP,2022-02-14 01:58:07
483,Nanortalik,60.1432,-45.2371,20.71,94,100,27.2,GL,2022-02-14 01:58:08
484,Tabas,33.5959,56.9244,46.06,49,0,7.2,IR,2022-02-14 01:58:09
485,Palomares,17.15,-95.0667,60.24,78,100,19.95,MX,2022-02-14 01:58:09
486,Shamary,57.3434,58.2199,4.48,100,100,2.42,RU,2022-02-14 01:58:10
487,Ostrovnoy,68.0531,39.5131,21.61,71,100,27.07,RU,2022-02-14 01:58:10
488,Taganak,6.0833,118.3,82.54,82,100,8.34,PH,2022-02-14 01:58:11
489,Harvard,42.4222,-88.6137,12.18,69,48,1.88,US,2022-02-14 01:58:11
490,Andenes,69.3143,16.1194,31.98,64,100,12.66,NO,2022-02-14 01:58:12
491,Hachinohe,40.5,141.5,34.83,82,23,8.08,JP,2022-02-14 01:58:12
492,Alabaster,33.2443,-86.8164,40.87,55,0,5.75,US,2022-02-14 01:54:11
493,Ribeira Brava,32.65,-17.0667,61.72,72,90,1.88,PT,2022-02-14 01:58:13
494,Bouza,14.4229,6.0428,65.62,13,0,8.5,NE,2022-02-14 01:58:14
495,Malanje,-9.5402,16.341,63.34,98,100,4.85,AO,2022-02-14 01:58:14
496,Araci,-11.3333,-38.9667,73.36,89,97,1.79,BR,2022-02-14 01:58:15
497,Antofagasta,-23.65,-70.4,67.28,79,82,4.59,CL,2022-02-14 01:56:03
498,Halifax,44.6453,-63.5724,23.09,90,100,8.05,CA,2022-02-14 01:56:32
499,Yambio,4.5721,28.3955,74.43,37,58,2.26,SS,2022-02-14 01:58:16
500,Pacific Grove,36.6177,-121.9166,73.8,81,100,5.75,US,2022-02-14 01:58:17
501,Waipawa,-41.4122,175.5153,61.45,69,100,13.24,NZ,2022-02-14 01:58:18
502,Anamur,36.0751,32.8369,53.11,65,4,6.98,TR,2022-02-14 01:58:18
503,Shache,38.4167,77.2406,26.71,52,3,4.72,CN,2022-02-14 01:58:19
504,Bulnes,-36.7423,-72.2985,66.96,88,0,5.21,CL,2022-02-14 01:58:20
505,Jertih,5.7336,102.4897,75.07,78,98,2.06,MY,2022-02-14 01:59:20
506,Fukue,32.6881,128.8419,52.16,66,75,13.8,JP,2022-02-14 01:59:21
507,Dhidhdhoo,6.8833,73.1,80.62,73,89,3.6,MV,2022-02-14 01:59:21
508,Vestmanna,62.1564,-7.1664,31.12,64,75,9.22,FO,2022-02-14 01:59:22
509,Zhangjiakou,40.81,114.8794,3.27,64,8,7.65,CN,2022-02-14 01:59:23
510,Trinidad,-14.8333,-64.9,71.56,91,84,3.18,BO,2022-02-14 01:59:23
511,Shiraz,29.6036,52.5388,35.04,69,0,0.0,IR,2022-02-14 01:59:24
512,Karasuk,53.7377,78.0403,-7.91,100,10,7.27,RU,2022-02-14 01:59:24
513,Port Macquarie,-31.4333,152.9167,80.56,64,79,10.42,AU,2022-02-14 01:59:25
514,Bozdar,27.1828,68.636,57.27,25,0,8.46,PK,2022-02-14 01:59:25
515,Lima,-12.0432,-77.0282,70.9,76,0,12.66,PE,2022-02-14 01:59:26
516,Atbasar,51.8,68.3333,12.92,96,100,12.1,KZ,2022-02-14 01:59:26
517,Buchanan,5.8808,-10.0467,78.22,87,23,4.81,LR,2022-02-14 01:59:27
518,Cockburn Town,21.4612,-71.1419,78.76,73,20,9.22,TC,2022-02-14 01:59:29
519,Mount Darwin,-16.7725,31.5838,63.91,93,67,1.88,ZW,2022-02-14 01:59:30
520,Sao Joaquim,-28.2939,-49.9317,56.46,99,29,1.74,BR,2022-02-14 01:59:31
521,Ulaangom,49.9811,92.0667,-28.16,95,93,2.35,MN,2022-02-14 01:59:31
522,Duayaw Nkwanta,7.1724,-2.1028,70.54,93,17,2.44,GH,2022-02-14 01:59:32
523,Alofi,-19.0595,-169.9187,85.89,66,98,10.36,NU,2022-02-14 01:56:55
524,Uglegorsk,49.0833,142.0333,13.03,91,100,8.08,RU,2022-02-14 01:59:33
525,Alice Springs,-23.7,133.8833,90.95,24,0,10.36,AU,2022-02-14 01:58:02
526,Kaeo,-35.1,173.7833,75.33,61,6,4.7,NZ,2022-02-14 01:59:34
527,Lac Du Bonnet,50.2536,-96.0612,-7.55,99,97,4.56,CA,2022-02-14 01:59:35
528,Kupang,-10.1667,123.5833,84.11,66,4,2.53,ID,2022-02-14 01:59:35
529,Acarau,-2.8856,-40.12,79.39,82,52,13.24,BR,2022-02-14 01:59:36
530,Itatiaia,-22.4961,-44.5633,70.41,99,80,1.48,BR,2022-02-14 01:59:36
531,Nueva Guinea,11.6876,-84.4562,71.94,89,6,11.14,NI,2022-02-14 01:59:37
532,Coos Bay,43.3665,-124.2179,57.85,95,100,5.97,US,2022-02-14 01:59:37
533,Orai,25.9833,79.4667,54.0,56,0,2.28,IN,2022-02-14 01:59:38
534,Bathsheba,13.2167,-59.5167,77.61,73,75,17.27,BB,2022-02-14 01:57:59
535,Maceio,-9.6658,-35.7353,76.44,88,20,4.61,BR,2022-02-14 01:59:38
536,Shiyan,32.6475,110.7781,44.17,63,80,3.38,CN,2022-02-14 01:59:39
537,Gualeguay,-33.1416,-59.3097,62.73,40,0,2.26,AR,2022-02-14 01:59:40
538,Porto Novo,6.4965,2.6036,82.22,81,26,7.7,BJ,2022-02-14 01:59:40
539,Matamoros,25.5333,-103.25,49.93,36,100,2.51,MX,2022-02-14 01:59:41
540,Sao Joao Da Barra,-21.6403,-41.0511,77.09,88,31,13.42,BR,2022-02-14 01:59:41
541,Ancud,-41.8697,-73.8203,62.13,95,6,2.26,CL,2022-02-14 01:58:04
542,Quimper,48.0,-4.1,50.61,87,40,5.75,FR,2022-02-14 01:59:42
543,Pakxan,18.3778,103.6601,74.21,59,91,5.61,LA,2022-02-14 01:59:43
544,Thai Binh,20.45,106.3333,59.0,74,100,6.15,VN,2022-02-14 01:59:43
545,Tukrah,32.5341,20.5791,51.39,81,8,3.09,LY,2022-02-14 01:59:44
546,Clevelandia,-26.3958,-52.4708,62.44,97,0,2.93,BR,2022-02-14 01:59:45
547,Aldan,58.6031,125.3894,-12.39,96,98,2.13,RU,2022-02-14 01:59:45
548,Puka,58.0559,26.2436,33.94,81,100,11.05,EE,2022-02-14 02:00:46
549,Biltine,14.5333,20.9167,72.34,12,100,14.9,TD,2022-02-14 02:00:46
550,Poum,-20.2333,164.0167,82.89,76,99,11.14,NC,2022-02-14 01:57:05
551,Santa Rosa,14.3122,121.1114,83.08,72,30,8.16,PH,2022-02-14 02:00:47
552,Masunga,-20.6246,27.4488,63.43,62,0,6.71,BW,2022-02-14 02:00:48
553,Dordrecht,51.81,4.6736,54.0,73,100,8.99,NL,2022-02-14 02:00:49
554,Labuhan,-6.8844,112.2051,78.3,86,92,5.44,ID,2022-02-14 02:00:49
555,Robertsport,6.7533,-11.3686,78.89,88,6,7.2,LR,2022-02-14 02:00:50
556,Oistins,13.0667,-59.5333,76.66,73,6,18.79,BB,2022-02-14 02:00:51
557,Sobolevo,54.4299,31.8996,21.56,89,97,12.59,RU,2022-02-14 02:00:51
558,Yarmouth,41.7057,-70.2286,34.0,93,100,10.36,US,2022-02-14 02:00:52
